183.15,92363,1235,0.00080975,-2715.1,-2640.3,-14.316,959.83,1718.2,1144.3,-2.66E-07,0.000316,0.20582,0.024102,2.7363,0.36546,339610,373360,2038.7,582.47,798.13,212.23,0.000044029,9.11E-06,0.0088033
183.65,95213,1233.5,0.00081071,-1857,-1779.8,-9.6374,959.14,1718.4,1141.1,-2.65E-07,0.00031312,0.2052,0.023987,2.8146,0.35529,339840,373660,2034.7,583.73,800.01,212.42,0.000043691,9.14E-06,0.0088376
184.15,98131,1232,0.00081168,-998.88,-919.23,-4.9705,958.45,1718.7,1137.9,-2.64E-07,0.00031028,0.20458,0.023873,2.8946,0.34547,340060,373960,2030.8,585.01,801.92,212.6,0.000043356,9.17E-06,0.008872
184.65,101120,1230.5,0.00081265,-140.62,-58.443,-0.31557,957.77,1719,1134.6,-2.63E-07,0.00030747,0.20396,0.023758,2.9764,0.33597,340290,374260,2026.9,586.29,803.84,212.78,0.000043024,9.19E-06,0.0089065
185.15,104180,1229.1,0.00081362,717.77,802.53,4.3274,957.1,1719.3,1131.4,-2.63E-07,0.00030471,0.20334,0.023643,3.06,0.3268,340510,374560,2023,587.58,805.78,212.96,0.000042694,9.22E-06,0.0089411
185.65,107310,1227.6,0.0008146,1576.3,1663.7,8.9586,956.44,1719.7,1128.2,-2.62E-07,0.00030199,0.20272,0.023529,3.1454,0.31792,340740,374850,2019.1,588.87,807.74,213.14,0.000042368,9.25E-06,0.0089759
186.15,110520,1226.1,0.00081558,2434.9,2525.1,13.578,955.78,1720,1125,-2.61E-07,0.0002993,0.2021,0.023415,3.2327,0.30934,340960,375150,2015.3,590.17,809.72,213.32,0.000042044,9.28E-06,0.0090107
186.65,113800,1224.6,0.00081656,3293.7,3386.7,18.186,955.12,1720.4,1121.8,-2.60E-07,0.00029665,0.20148,0.023301,3.3218,0.30104,341180,375440,2011.5,591.48,811.71,213.49,0.000041723,9.30E-06,0.0090457
187.15,117160,1223.2,0.00081755,4152.7,4248.5,22.782,954.47,1720.8,1118.5,-2.59E-07,0.00029404,0.20086,0.023186,3.4128,0.29302,341410,375740,2007.8,592.8,813.73,213.66,0.000041405,9.33E-06,0.0090807
187.65,120590,1221.7,0.00081854,5011.8,5110.5,27.367,953.83,1721.2,1115.3,-2.58E-07,0.00029146,0.20024,0.023072,3.5057,0.28525,341630,376030,2004,594.12,815.76,213.84,0.00004109,9.36E-06,0.0091159
188.15,124110,1220.2,0.00081954,5871.1,5972.8,31.941,953.2,1721.6,1112.1,-2.57E-07,0.00028892,0.19963,0.022958,3.6006,0.27773,341850,376320,2000.3,595.46,817.8,214,0.000040777,0.000009385,0.0091512
188.65,127700,1218.7,0.00082054,6730.5,6835.3,36.503,952.57,1722.1,1108.9,-2.56E-07,0.00028642,0.19901,0.022845,3.6974,0.27046,342070,376610,1996.6,596.79,819.87,214.17,0.000040467,9.41E-06,0.0091866
189.15,131380,1217.2,0.00082154,7590.1,7698.1,41.055,951.95,1722.6,1105.7,-2.55E-07,0.00028395,0.19839,0.022731,3.7963,0.26341,342290,376900,1992.9,598.14,821.95,214.34,0.00004016,9.44E-06,0.0092221
189.65,135140,1215.7,0.00082255,8450,8561.1,45.595,951.33,1723,1102.5,-2.54E-07,0.00028151,0.19778,0.022617,3.8972,0.25659,342510,377180,1989.3,599.49,824.06,214.5,0.000039856,9.47E-06,0.0092577
190.15,138980,1214.2,0.00082356,9310,9424.4,50.125,950.72,1723.5,1099.3,-2.53E-07,0.0002791,0.19716,0.022504,4.0002,0.24999,342730,377470,1985.7,600.84,826.18,214.66,0.000039554,9.49E-06,0.0092934
190.65,142910,1212.8,0.00082457,10170,10288,54.644,950.12,1724.1,1096.1,-2.52E-07,0.00027673,0.19655,0.02239,4.1052,0.24359,342950,377760,1982.1,602.21,828.31,214.82,0.000039256,9.52E-06,0.0093292
191.15,146920,1211.3,0.00082559,11031,11152,59.152,949.52,1724.6,1092.9,-2.51E-07,0.00027439,0.19593,0.022277,4.2124,0.23739,343160,378040,1978.5,603.58,830.47,214.98,0.000038959,9.55E-06,0.0093652
191.65,151020,1209.8,0.00082661,11891,12016,63.649,948.92,1725.1,1089.7,-2.50E-07,0.00027208,0.19532,0.022164,4.3217,0.23139,343380,378320,1975,604.95,832.64,215.14,0.000038666,9.58E-06,0.0094012
192.15,155210,1208.3,0.00082764,12752,12881,68.136,948.34,1725.7,1086.5,-2.49E-07,0.0002698,0.19471,0.022051,4.4332,0.22557,343600,378610,1971.5,606.34,834.84,215.29,0.000038375,9.61E-06,0.0094374
192.65,159490,1206.8,0.00082867,13613,13746,72.613,947.76,1726.3,1083.3,-2.48E-07,0.00026755,0.1941,0.021938,4.547,0.21993,343810,378890,1968,607.73,837.05,215.45,0.000038087,9.63E-06,0.0094737
193.15,163860,1205.2,0.00082971,14475,14611,77.079,947.18,1726.9,1080.1,-2.47E-07,0.00026533,0.19348,0.021825,4.6629,0.21446,344030,379170,1964.5,609.12,839.28,215.6,0.000037801,9.66E-06,0.0095102
193.65,168320,1203.7,0.00083075,15336,15476,81.535,946.61,1727.5,1076.9,-2.46E-07,0.00026314,0.19287,0.021712,4.7812,0.20915,344240,379450,1961.1,610.52,841.52,215.75,0.000037519,9.69E-06,0.0095467
194.15,172880,1202.2,0.00083179,16198,16342,85.981,946.04,1728.2,1073.7,-2.45E-07,0.00026098,0.19226,0.021599,4.9017,0.20401,344460,379730,1957.6,611.93,843.79,215.89,0.000037238,9.72E-06,0.0095834
194.65,177540,1200.7,0.00083284,17060,17208,90.417,945.49,1728.8,1070.5,-2.44E-07,0.00025884,0.19165,0.021486,5.0246,0.19902,344670,380000,1954.2,613.34,846.07,216.04,0.00003696,0.000009744,0.0096201
195.15,182290,1199.2,0.00083389,17923,18075,94.843,944.93,1729.5,1067.3,-0.000000243,0.00025673,0.19104,0.021374,5.1498,0.19418,344880,380280,1950.9,614.76,848.38,216.18,0.000036685,9.77E-06,0.0096571
195.65,187140,1197.7,0.00083495,18786,18942,99.259,944.38,1730.2,1064.1,-2.42E-07,0.00025465,0.19043,0.021261,5.2774,0.18949,345090,380550,1947.5,616.18,850.7,216.32,0.000036413,9.80E-06,0.0096941
196.15,192080,1196.2,0.00083601,19649,19809,103.67,943.84,1730.9,1060.9,-2.41E-07,0.0002526,0.18982,0.021149,5.4074,0.18493,345300,380820,1944.2,617.61,853.04,216.46,0.000036143,9.83E-06,0.0097312
196.65,197130,1194.6,0.00083707,20512,20677,108.06,943.3,1731.6,1057.7,-2.40E-07,0.00025057,0.18921,0.021037,5.54,0.18051,345510,381100,1940.9,619.04,855.39,216.6,0.000035875,9.86E-06,0.0097685
197.15,202290,1193.1,0.00083814,21375,21545,112.45,942.77,1732.4,1054.5,-2.38E-07,0.00024857,0.18861,0.020925,5.6749,0.17621,345720,381370,1937.6,620.48,857.77,216.74,0.00003561,0.000009884,0.0098059
197.65,207540,1191.6,0.00083922,22239,22414,116.83,942.24,1733.2,1051.3,-2.37E-07,0.00024659,0.188,0.020813,5.8124,0.17204,345930,381640,1934.3,621.92,860.17,216.87,0.000035347,9.91E-06,0.0098435
198.15,212900,1190.1,0.0008403,23104,23283,121.2,941.72,1734,1048.1,-2.36E-07,0.00024464,0.18739,0.020701,5.9525,0.168,346140,381900,1931,623.37,862.58,217,0.000035087,9.94E-06,0.0098811
198.65,218370,1188.5,0.00084138,23968,24152,125.55,941.21,1734.8,1044.9,-2.35E-07,0.00024271,0.18678,0.020589,6.0952,0.16406,346340,382170,1927.8,624.83,865.01,217.14,0.00003483,9.97E-06,0.0099189
199.15,223940,1187,0.00084247,24833,25022,129.9,940.69,1735.6,1041.7,-2.34E-07,0.00024081,0.18618,0.020477,6.2404,0.16025,346550,382440,1924.6,626.29,867.47,217.26,0.000034575,1.00E-05,0.0099568
199.65,229630,1185.5,0.00084356,25698,25892,134.24,940.19,1736.4,1038.6,-2.32E-07,0.00023893,0.18557,0.020365,6.3883,0.15654,346760,382700,1921.4,627.75,869.94,217.39,0.000034322,0.000010025,0.0099949
200.15,235420,1183.9,0.00084466,26564,26763,138.58,939.69,1737.3,1035.4,-2.31E-07,0.00023707,0.18497,0.020254,6.5389,0.15293,346960,382960,1918.2,629.22,872.43,217.51,0.000034071,0.000010053,0.010033
200.65,241330,1182.4,0.00084576,27430,27634,142.9,939.19,1738.2,1032.2,-2.30E-07,0.00023523,0.18436,0.020142,6.6923,0.14943,347160,383230,1915.1,630.7,874.94,217.64,0.000033823,0.000010082,0.010071
201.15,247350,1180.8,0.00084687,28296,28506,147.21,938.7,1739.1,1029,-2.29E-07,0.00023342,0.18376,0.020031,6.8483,0.14602,347370,383490,1912,632.18,877.47,217.76,0.000033578,0.00001011,0.01011
201.65,253490,1179.3,0.00084798,29163,29378,151.52,938.21,1740,1025.8,-2.27E-07,0.00023163,0.18316,0.01992,7.0072,0.14271,347570,383740,1908.9,633.66,880.01,217.88,0.000033335,0.000010139,0.010149
202.15,259740,1177.7,0.0008491,30030,30251,155.81,937.73,1740.9,1022.6,-2.26E-07,0.00022986,0.18255,0.019809,7.1689,0.13949,347770,384000,1905.8,635.15,882.58,217.99,0.000033094,0.000010167,0.010187
202.65,266110,1176.2,0.00085022,30898,31124,160.1,937.25,1741.9,1019.4,-2.25E-07,0.00022811,0.18195,0.019698,7.3334,0.13636,347970,384260,1902.7,636.64,885.17,218.11,0.000032855,0.000010196,0.010226
203.15,272600,1174.6,0.00085134,31766,31998,164.38,936.78,1742.9,1016.3,-2.23E-07,0.00022638,0.18135,0.019587,7.5008,0.13332,348170,384510,1899.6,638.13,887.78,218.22,0.000032619,0.000010224,0.010265
203.65,279210,1173.1,0.00085248,32634,32872,168.65,936.31,1743.9,1013.1,-2.22E-07,0.00022468,0.18075,0.019476,7.6711,0.13036,348370,384770,1896.6,639.64,890.4,218.33,0.000032385,0.000010253,0.010304
204.15,285940,1171.5,0.00085361,33503,33747,172.91,935.85,1744.9,1009.9,-2.20E-07,0.00022299,0.18015,0.019365,7.8444,0.12748,348570,385020,1893.6,641.14,893.05,218.44,0.000032153,0.000010282,0.010344
204.65,292800,1169.9,0.00085476,34372,34622,177.17,935.4,1745.9,1006.7,-2.19E-07,0.00022132,0.17954,0.019255,8.0207,0.12468,348760,385270,1890.6,642.65,895.72,218.55,0.000031924,0.000010311,0.010383
205.15,299780,1168.4,0.0008559,35241,35498,181.41,934.94,1747,1003.5,-2.18E-07,0.00021967,0.17894,0.019144,8.2001,0.12195,348960,385520,1887.6,644.16,898.4,218.65,0.000031697,0.00001034,0.010423
205.65,306890,1166.8,0.00085706,36111,36374,185.65,934.49,1748.1,1000.4,-2.16E-07,0.00021804,0.17834,0.019034,8.3825,0.1193,349160,385770,1884.6,645.68,901.11,218.76,0.000031472,0.000010368,0.010462
206.15,314130,1165.2,0.00085821,36982,37251,189.88,934.05,1749.2,997.17,-2.15E-07,0.00021643,0.17774,0.018924,8.568,0.11671,349350,386010,1881.7,647.2,903.84,218.86,0.000031249,0.000010397,0.010502
206.65,321490,1163.6,0.00085938,37853,38129,194.1,933.61,1750.3,994,-2.13E-07,0.00021484,0.17715,0.018813,8.7566,0.1142,349540,386260,1878.7,648.72,906.59,218.96,0.000031028,0.000010426,0.010542
207.15,328990,1162.1,0.00086055,38724,39007,198.31,933.18,1751.4,990.82,-2.12E-07,0.00021327,0.17655,0.018703,8.9485,0.11175,349740,386500,1875.8,650.25,909.35,219.05,0.00003081,0.000010455,0.010583
207.65,336620,1160.5,0.00086172,39596,39886,202.52,932.75,1752.6,987.64,-2.10E-07,0.00021171,0.17595,0.018593,9.1435,0.10937,349930,386740,1872.9,651.78,912.14,219.15,0.000030594,0.000010485,0.010623
208.15,344390,1158.9,0.0008629,40468,40765,206.72,932.32,1753.7,984.46,-2.09E-07,0.00021017,0.17535,0.018484,9.3418,0.10705,350120,386980,1870,653.32,914.95,219.24,0.00003038,0.000010514,0.010664
208.65,352290,1157.3,0.00086409,41341,41645,210.91,931.9,1755,981.28,-2.07E-07,0.00020865,0.17475,0.018374,9.5434,0.10478,350310,387220,1867.2,654.86,917.79,219.33,0.000030168,0.000010543,0.010704
209.15,360320,1155.7,0.00086528,42214,42526,215.09,931.48,1756.2,978.1,-2.05E-07,0.00020715,0.17416,0.018264,9.7483,0.10258,350500,387460,1864.3,656.4,920.64,219.42,0.000029958,0.000010572,0.010745
209.65,368500,1154.1,0.00086648,43088,43407,219.26,931.07,1757.4,974.93,-2.04E-07,0.00020566,0.17356,0.018155,9.9566,0.10044,350690,387700,1861.5,657.94,923.51,219.51,0.00002975,0.000010602,0.010786
210.15,376820,1152.5,0.00086768,43963,44289,223.43,930.66,1758.7,971.75,-2.02E-07,0.00020419,0.17297,0.018045,10.168,0.098345,350870,387930,1858.7,659.49,926.41,219.59,0.000029544,0.000010631,0.010827
210.65,385280,1150.9,0.00086889,44837,45172,227.59,930.26,1760,968.57,-2.01E-07,0.00020273,0.17237,0.017936,10.383,0.096307,351060,388160,1855.8,661.05,929.33,219.67,0.000029341,0.00001066,0.010869
211.15,393880,1149.3,0.0008701,45713,46055,231.74,929.86,1761.3,965.4,-1.99E-07,0.00020129,0.17178,0.017827,10.602,0.094321,351240,388400,1853.1,662.6,932.27,219.75,0.000029139,0.00001069,0.01091
211.65,402630,1147.7,0.00087132,46589,46939,235.89,929.47,1762.6,962.22,-1.97E-07,0.00019987,0.17118,0.017718,10.824,0.092385,351430,388630,1850.3,664.16,935.23,219.83,0.000028939,0.000010719,0.010952
212.15,411520,1146.1,0.00087255,47465,47824,240.03,929.08,1764,959.04,-1.96E-07,0.00019846,0.17059,0.017609,11.05,0.090497,351610,388850,1847.5,665.72,938.21,219.91,0.000028742,0.000010749,0.010994
212.65,420560,1144.5,0.00087378,48342,48710,244.16,928.69,1765.3,955.87,-1.94E-07,0.00019706,0.16999,0.0175,11.279,0.088657,351790,389080,1844.8,667.28,941.22,219.98,0.000028546,0.000010779,0.011036
213.15,429750,1142.8,0.00087502,49220,49596,248.29,928.31,1766.7,952.69,-1.92E-07,0.00019569,0.1694,0.017392,11.512,0.086863,351970,389300,1842,668.85,944.25,220.05,0.000028353,0.000010809,0.011078
213.65,439100,1141.2,0.00087626,50098,50483,252.4,927.93,1768.1,949.51,-1.90E-07,0.00019432,0.16881,0.017283,11.749,0.085113,352150,389530,1839.3,670.42,947.31,220.12,0.000028161,0.000010838,0.011121
214.15,448590,1139.6,0.00087751,50977,51370,256.51,927.56,1769.6,946.34,-1.89E-07,0.00019297,0.16822,0.017175,11.99,0.083406,352330,389750,1836.6,671.99,950.38,220.19,0.000027971,0.000010868,0.011163
214.65,458240,1138,0.00087877,51856,52259,260.62,927.19,1771.1,943.16,-1.87E-07,0.00019164,0.16762,0.017066,12.234,0.081741,352510,389970,1833.9,673.57,953.48,220.26,0.000027783,0.000010898,0.011206
215.15,468050,1136.3,0.00088004,52736,53148,264.71,926.82,1772.5,939.98,-1.85E-07,0.00019031,0.16703,0.016958,12.482,0.080116,352690,390190,1831.2,675.15,956.61,220.32,0.000027597,0.000010928,0.011249
215.65,478010,1134.7,0.00088131,53616,54038,268.81,926.46,1774.1,936.81,-1.83E-07,0.00018901,0.16644,0.01685,12.734,0.078531,352860,390400,1828.6,676.73,959.76,220.38,0.000027413,0.000010958,0.011292
216.15,488140,1133,0.00088258,54498,54928,272.89,926.1,1775.6,933.63,-1.81E-07,0.00018771,0.16585,0.016742,12.99,0.076985,353040,390620,1825.9,678.31,962.93,220.44,0.000027231,0.000010988,0.011335
216.65,498420,1131.4,0.00088387,55379,55820,276.97,925.75,1777.2,930.45,-1.79E-07,0.00018643,0.16526,0.016634,13.249,0.075475,353210,390830,1823.3,679.9,966.13,220.5,0.000027051,0.000011019,0.011379
217.15,508870,1129.7,0.00088516,56262,56712,281.04,925.4,1778.7,927.28,-1.77E-07,0.00018516,0.16467,0.016526,13.513,0.074002,353390,391040,1820.7,681.49,969.35,220.55,0.000026872,0.000011049,0.011423
217.65,519480,1128.1,0.00088645,57145,57605,285.1,925.05,1780.4,924.1,-1.75E-07,0.00018391,0.16408,0.016419,13.781,0.072564,353560,391250,1818.1,683.08,972.6,220.61,0.000026695,0.000011079,0.011467
218.15,530260,1126.4,0.00088776,58028,58499,289.16,924.71,1782,920.92,-1.73E-07,0.00018266,0.16349,0.016311,14.053,0.071159,353730,391460,1815.5,684.67,975.88,220.66,0.00002652,0.00001111,0.011511
218.65,541200,1124.8,0.00088907,58913,59394,293.21,924.37,1783.6,917.74,-1.71E-07,0.00018143,0.1629,0.016204,14.329,0.069788,353900,391670,1812.9,686.27,979.18,220.7,0.000026347,0.00001114,0.011555
219.15,552310,1123.1,0.00089038,59798,60290,297.26,924.04,1785.3,914.56,-1.69E-07,0.00018022,0.16232,0.016096,14.609,0.06845,354060,391870,1810.3,687.87,982.5,220.75,0.000026176,0.000011171,0.0116
219.65,563600,1121.4,0.00089171,60684,61186,301.3,923.71,1787,911.39,-1.67E-07,0.00017901,0.16173,0.015989,14.894,0.067142,354230,392070,1807.7,689.47,985.86,220.79,0.000026006,0.000011201,0.011644
220.15,575050,1119.8,0.00089304,61570,62083,305.34,923.38,1788.8,908.21,-1.65E-07,0.00017782,0.16114,0.015882,15.183,0.065865,354400,392270,1805.2,691.07,989.24,220.84,0.000025838,0.000011232,0.011689
220.65,586680,1118.1,0.00089438,62457,62982,309.36,923.06,1790.5,905.03,-1.63E-07,0.00017663,0.16055,0.015775,15.476,0.064618,354560,392470,1802.6,692.67,992.65,220.88,0.000025672,0.000011263,0.011735
221.15,598490,1116.4,0.00089572,63345,63881,313.39,922.74,1792.3,901.85,-1.61E-07,0.00017546,0.15997,0.015668,15.773,0.063399,354730,392670,1800.1,694.28,996.08,220.91,0.000025507,0.000011294,0.01178
221.65,610470,1114.7,0.00089708,64233,64781,317.4,922.43,1794.2,898.67,-1.59E-07,0.0001743,0.15938,0.015562,16.075,0.062208,354890,392860,1797.6,695.89,999.55,220.95,0.000025345,0.000011325,0.011826
222.15,622630,1113,0.00089844,65122,65682,321.41,922.12,1796,895.49,-1.57E-07,0.00017315,0.1588,0.015455,16.381,0.061045,355050,393060,1795.1,697.5,1003,220.98,0.000025183,0.000011356,0.011871
222.65,634970,1111.4,0.00089981,66012,66584,325.42,921.81,1797.9,892.31,-1.55E-07,0.00017201,0.15821,0.015349,16.692,0.059908,355210,393250,1792.6,699.12,1006.6,221.01,0.000025024,0.000011387,0.011918
223.15,647490,1109.7,0.00090118,66903,67487,329.42,921.51,1799.8,889.13,-1.52E-07,0.00017089,0.15763,0.015242,17.008,0.058797,355370,393440,1790.1,700.73,1010.1,221.04,0.000024866,0.000011418,0.011964
223.65,660200,1108,0.00090257,67795,68390,333.41,921.21,1801.7,885.94,-1.50E-07,0.00016977,0.15704,0.015136,17.328,0.05771,355520,393620,1787.6,702.35,1013.7,221.07,0.00002471,0.000011449,0.01201
224.15,673090,1106.2,0.00090396,68687,69295,337.4,920.92,1803.6,882.76,-1.48E-07,0.00016866,0.15646,0.01503,17.653,0.056649,355680,393810,1785.2,703.97,1017.3,221.09,0.000024555,0.00001148,0.012057
224.65,686170,1104.5,0.00090536,69580,70201,341.39,920.62,1805.6,879.58,-1.45E-07,0.00016757,0.15587,0.014924,17.982,0.055611,355830,393990,1782.7,705.59,1020.9,221.11,0.000024402,0.000011512,0.012104
225.15,699440,1102.8,0.00090676,70474,71108,345.37,920.34,1807.6,876.39,-1.43E-07,0.00016648,0.15529,0.014818,18.317,0.054595,355990,394170,1780.3,707.22,1024.6,221.13,0.00002425,0.000011543,0.012152
225.65,712900,1101.1,0.00090818,71368,72016,349.34,920.05,1809.7,873.21,-1.41E-07,0.00016541,0.15471,0.014713,18.656,0.053603,356140,394350,1777.8,708.84,1028.3,221.15,0.0000241,0.000011575,0.012199
226.15,726550,1099.4,0.0009096,72264,72924,353.31,919.77,1811.8,870.02,-1.38E-07,0.00016434,0.15413,0.014607,19,0.052632,356290,394530,1775.4,710.47,1032.1,221.16,0.000023952,0.000011607,0.012247
226.65,740390,1097.7,0.00091103,73160,73834,357.27,919.49,1813.9,866.84,-1.36E-07,0.00016328,0.15354,0.014502,19.349,0.051683,356440,394710,1773,712.1,1035.8,221.18,0.000023805,0.000011638,0.012295
227.15,754430,1095.9,0.00091247,74057,74745,361.23,919.22,1816,863.65,-1.33E-07,0.00016224,0.15296,0.014397,19.703,0.050754,356590,394880,1770.6,713.73,1039.6,221.19,0.000023659,0.00001167,0.012343
227.65,768670,1094.2,0.00091392,74955,75657,365.18,918.95,1818.2,860.46,-1.31E-07,0.0001612,0.15238,0.014291,20.062,0.049846,356730,395050,1768.2,715.36,1043.5,221.19,0.000023515,0.000011702,0.012392
228.15,783110,1092.4,0.00091538,75853,76570,369.13,918.69,1820.4,857.27,-1.28E-07,0.00016017,0.1518,0.014186,20.426,0.048957,356880,395220,1765.8,717,1047.3,221.2,0.000023373,0.000011734,0.012441
228.65,797740,1090.7,0.00091684,76753,77484,373.07,918.42,1822.6,854.08,-1.26E-07,0.00015915,0.15122,0.014082,20.796,0.048087,357020,395390,1763.4,718.64,1051.3,221.2,0.000023232,0.000011766,0.01249
229.15,812580,1088.9,0.00091832,77653,78399,377.01,918.17,1824.8,850.89,-1.23E-07,0.00015814,0.15064,0.013977,21.17,0.047236,357170,395550,1761,720.28,1055.2,221.2,0.000023092,0.000011798,0.012539
229.65,827630,1087.2,0.0009198,78555,79316,380.95,917.91,1827.1,847.7,-1.21E-07,0.00015714,0.15006,0.013872,21.55,0.046403,357310,395710,1758.7,721.92,1059.2,221.2,0.000022954,0.000011831,0.012589
230.15,842870,1085.4,0.00092129,79457,80233,384.88,917.66,1829.5,844.5,-1.18E-07,0.00015615,0.14948,0.013768,21.935,0.045588,357450,395870,1756.3,723.56,1063.2,221.2,0.000022817,0.000011863,0.012639
230.65,858330,1083.7,0.0009228,80360,81152,388.8,917.41,1831.8,841.31,-1.15E-07,0.00015516,0.1489,0.013663,22.326,0.04479,357590,396030,1754,725.21,1067.3,221.19,0.000022682,0.000011895,0.012689
231.15,874000,1081.9,0.00092431,81264,82072,392.72,917.17,1834.2,838.11,-1.12E-07,0.00015419,0.14833,0.013559,22.722,0.044009,357720,396190,1751.6,726.86,1071.3,221.19,0.000022548,0.000011928,0.01274
231.65,889870,1080.1,0.00092583,82169,82993,396.64,916.93,1836.7,834.92,-1.10E-07,0.00015322,0.14775,0.013455,23.124,0.043245,357860,396340,1749.3,728.51,1075.5,221.17,0.000022415,0.000011961,0.012791
232.15,905960,1078.3,0.00092735,83075,83915,400.55,916.69,1839.1,831.72,-1.07E-07,0.00015226,0.14717,0.013351,23.532,0.042496,357990,396490,1747,730.16,1079.7,221.16,0.000022284,0.000011993,0.012842
232.65,922260,1076.6,0.00092889,83981,84838,404.46,916.46,1841.6,828.52,-1.04E-07,0.00015131,0.14659,0.013247,23.945,0.041763,358120,396640,1744.7,731.81,1083.9,221.15,0.000022154,0.000012026,0.012894
233.15,938780,1074.8,0.00093044,84889,85763,408.36,916.23,1844.2,825.32,-1.01E-07,0.00015036,0.14602,0.013144,24.364,0.041045,358260,396790,1742.4,733.47,1088.1,221.13,0.000022025,0.000012059,0.012945
233.65,955520,1073,0.000932,85798,86689,412.26,916,1846.7,822.12,-9.82E-08,0.00014943,0.14544,0.01304,24.788,0.040342,358380,396930,1740.1,735.12,1092.4,221.11,0.000021897,0.000012092,0.012998
234.15,972470,1071.2,0.00093357,86708,87616,416.16,915.78,1849.4,818.91,-9.52E-08,0.0001485,0.14486,0.012937,25.219,0.039653,358510,397070,1737.8,736.78,1096.8,221.08,0.000021771,0.000012125,0.01305
234.65,989650,1069.4,0.00093514,87618,88544,420.05,915.56,1852,815.71,-9.22E-08,0.00014758,0.14429,0.012833,25.655,0.038979,358640,397210,1735.5,738.44,1101.1,221.06,0.000021647,0.000012159,0.013103
235.15,1007100,1067.5,0.00093673,88530,89473,423.94,915.34,1854.7,812.5,-8.92E-08,0.00014666,0.14371,0.01273,26.098,0.038318,358760,397350,1733.2,740.11,1105.6,221.03,0.000021523,0.000012192,0.013156
235.65,1024700,1065.7,0.00093833,89443,90404,427.82,915.13,1857.4,809.3,-8.61E-08,0.00014576,0.14314,0.012627,26.546,0.03767,358890,397490,1730.9,741.77,1110,221,0.000021401,0.000012226,0.01321
236.15,1042500,1063.9,0.00093994,90357,91337,431.7,914.92,1860.2,806.09,-8.30E-08,0.00014486,0.14256,0.012524,27.001,0.037036,359010,397620,1728.7,743.44,1114.6,220.97,0.00002128,0.000012259,0.013264
236.65,1060600,1062.1,0.00094156,91272,92270,435.58,914.72,1863,802.87,-7.98E-08,0.00014397,0.14199,0.012422,27.462,0.036414,359130,397750,1726.4,745.11,1119.1,220.93,0.00002116,0.000012293,0.013318
237.15,1078900,1060.2,0.00094319,92187,93205,439.45,914.52,1865.9,799.66,-7.66E-08,0.00014308,0.14142,0.012319,27.929,0.035805,359240,397880,1724.2,746.78,1123.7,220.9,0.000021041,0.000012327,0.013372
237.65,1097500,1058.4,0.00094483,93104,94141,443.32,914.32,1868.8,796.45,-7.34E-08,0.0001422,0.14084,0.012217,28.403,0.035208,359360,398000,1721.9,748.46,1128.4,220.86,0.000020923,0.000012361,0.013427
238.15,1116200,1056.5,0.00094648,94022,95079,447.19,914.12,1871.7,793.23,-7.01E-08,0.00014133,0.14027,0.012115,28.883,0.034622,359480,398120,1719.7,750.13,1133.1,220.82,0.000020807,0.000012395,0.013483
238.65,1135200,1054.7,0.00094814,94942,96018,451.05,913.93,1874.7,790.01,-6.67E-08,0.00014047,0.1397,0.012012,29.37,0.034049,359590,398240,1717.4,751.81,1137.9,220.77,0.000020692,0.000012429,0.013538
239.15,1154500,1052.8,0.00094981,95862,96958,454.91,913.75,1877.7,786.79,-6.33E-08,0.00013961,0.13913,0.01191,29.863,0.033486,359700,398360,1715.2,753.49,1142.7,220.72,0.000020578,0.000012463,0.013595
239.65,1174000,1051,0.0009515,96783,97900,458.77,913.56,1880.8,783.57,-5.99E-08,0.00013876,0.13856,0.011809,30.363,0.032935,359810,398470,1713,755.18,1147.6,220.67,0.000020465,0.000012497,0.013651
240.15,1193700,1049.1,0.00095319,97706,98844,462.62,913.38,1883.9,780.34,-5.64E-08,0.00013791,0.13799,0.011707,30.87,0.032394,359920,398590,1710.8,756.86,1152.5,220.62,0.000020353,0.000012532,0.013708
240.65,1213700,1047.2,0.0009549,98629,99788,466.48,913.21,1887.1,777.12,-5.29E-08,0.00013707,0.13742,0.011605,31.383,0.031864,360020,398700,1708.6,758.55,1157.5,220.57,0.000020243,0.000012567,0.013765
241.15,1233900,1045.3,0.00095662,99554,100730,470.32,913.04,1890.3,773.89,-4.93E-08,0.00013624,0.13685,0.011504,31.904,0.031344,360130,398800,1706.3,760.24,1162.5,220.51,0.000020133,0.000012601,0.013823
241.65,1254400,1043.5,0.00095835,100480,101680,474.17,912.87,1893.6,770.66,-4.57E-08,0.00013541,0.13628,0.011403,32.431,0.030834,360230,398910,1704.1,761.94,1167.7,220.45,0.000020025,0.000012636,0.013881
242.15,1275100,1041.6,0.0009601,101410,102630,478.01,912.7,1896.9,767.43,-4.20E-08,0.00013459,0.13571,0.011302,32.966,0.030334,360330,399010,1701.9,763.63,1172.8,220.39,0.000019917,0.000012671,0.01394
242.65,1296000,1039.7,0.00096186,102340,103580,481.85,912.54,1900.2,764.19,-3.83E-08,0.00013377,0.13514,0.011201,33.508,0.029844,360430,399110,1699.7,765.33,1178,220.32,0.000019811,0.000012707,0.013999
243.15,1317200,1037.7,0.00096362,103270,104540,485.69,912.38,1903.6,760.95,-3.45E-08,0.00013296,0.13457,0.0111,34.057,0.029362,360520,399200,1697.6,767.03,1183.3,220.25,0.000019706,0.000012742,0.014059
243.65,1338700,1035.8,0.00096541,104200,105490,489.52,912.23,1907.1,757.71,-3.06E-08,0.00013216,0.134,0.011,34.614,0.02889,360620,399290,1695.4,768.73,1188.7,220.18,0.000019601,0.000012777,0.014119
244.15,1360400,1033.9,0.0009672,105130,106440,493.35,912.08,1910.6,754.47,-2.67E-08,0.00013136,0.13343,0.010899,35.178,0.028427,360710,399380,1693.2,770.44,1194.1,220.11,0.000019498,0.000012813,0.014179
244.65,1382400,1032,0.00096901,106060,107400,497.18,911.93,1914.2,751.22,-2.28E-08,0.00013057,0.13287,0.010799,35.749,0.027972,360800,399470,1691,772.15,1199.6,220.04,0.000019396,0.000012849,0.01424
245.15,1404600,1030,0.00097083,107000,108360,501.01,911.79,1917.8,747.98,-1.88E-08,0.00012978,0.1323,0.010699,36.329,0.027526,360890,399550,1688.8,773.86,1205.1,219.96,0.000019294,0.000012885,0.014302
245.65,1427100,1028.1,0.00097266,107930,109320,504.84,911.65,1921.5,744.72,-1.47E-08,0.000129,0.13173,0.010599,36.916,0.027089,360980,399640,1686.7,775.58,1210.8,219.88,0.000019194,0.000012921,0.014364
246.15,1449900,1026.2,0.00097451,108870,110280,508.66,911.51,1925.3,741.47,-1.06E-08,0.00012822,0.13117,0.010499,37.511,0.026659,361060,399710,1684.5,777.3,1216.4,219.79,0.000019095,0.000012957,0.014426
246.65,1472900,1024.2,0.00097637,109810,111250,512.48,911.38,1929.1,738.21,-6.37E-09,0.00012745,0.1306,0.010399,38.114,0.026237,361140,399790,1682.3,779.02,1222.2,219.71,0.000018996,0.000012993,0.014489
247.15,1496200,1022.2,0.00097825,110750,112210,516.3,911.25,1933,734.95,-2.12E-09,0.00012668,0.13004,0.0103,38.725,0.025823,361220,399860,1680.2,780.74,1228.1,219.62,0.000018899,0.00001303,0.014553
247.65,1519800,1020.3,0.00098014,111690,113180,520.12,911.13,1936.9,731.69,2.19E-09,0.00012592,0.12947,0.0102,39.344,0.025417,361300,399930,1678,782.47,1234,219.53,0.000018802,0.000013066,0.014617
248.15,1543600,1018.3,0.00098204,112630,114150,523.93,911.01,1940.9,728.43,6.57E-09,0.00012516,0.12891,0.010101,39.971,0.025018,361380,400000,1675.8,784.2,1240,219.44,0.000018707,0.000013103,0.014682
248.65,1567700,1016.3,0.00098396,113580,115120,527.75,910.89,1944.9,725.16,1.10E-08,0.00012441,0.12835,0.010002,40.607,0.024626,361450,400060,1673.7,785.94,1246.1,219.34,0.000018612,0.00001314,0.014747
249.15,1592000,1014.3,0.00098589,114520,116090,531.56,910.78,1949.1,721.88,1.55E-08,0.00012366,0.12778,0.0099033,41.252,0.024241,361520,400120,1671.5,787.68,1252.2,219.24,0.000018518,0.000013177,0.014813
249.65,1616700,1012.3,0.00098784,115470,117070,535.37,910.67,1953.3,718.61,2.01E-08,0.00012292,0.12722,0.0098047,41.905,0.023864,361590,400170,1669.4,789.42,1258.5,219.14,0.000018425,0.000013214,0.014879
250.15,1641600,1010.3,0.00098981,116420,118050,539.18,910.57,1957.5,715.33,2.48E-08,0.00012218,0.12666,0.0097062,42.566,0.023493,361660,400230,1667.2,791.17,1264.8,219.03,0.000018333,0.000013252,0.014946
250.65,1666800,1008.3,0.00099179,117370,119020,542.99,910.47,1961.9,712.05,2.95E-08,0.00012145,0.1261,0.0096078,43.237,0.023128,361730,400280,1665.1,792.92,1271.3,218.93,0.000018242,0.000013289,0.015014
251.15,1692300,1006.3,0.00099378,118320,120000,546.79,910.37,1966.3,708.76,3.43E-08,0.00012072,0.12553,0.0095097,43.917,0.02277,361790,400320,1662.9,794.67,1277.8,218.82,0.000018152,0.000013327,0.015082
251.65,1718100,1004.2,0.0009958,119280,120990,550.6,910.28,1970.8,705.47,3.91E-08,0.00011999,0.12497,0.0094117,44.605,0.022419,361850,400370,1660.8,796.43,1284.4,218.7,0.000018062,0.000013365,0.015151
252.15,1744100,1002.2,0.00099782,120230,121970,554.4,910.19,1975.3,702.17,4.41E-08,0.00011927,0.12441,0.0093139,45.303,0.022073,361910,400400,1658.6,798.19,1291.1,218.59,0.000017973,0.000013403,0.015221
252.65,1770500,1000.1,0.00099987,121190,122960,558.21,910.1,1979.9,698.88,4.91E-08,0.00011856,0.12385,0.0092162,46.011,0.021734,361960,400440,1656.5,799.96,1298,218.47,0.000017885,0.000013442,0.015291
253.15,1797100,998.07,0.0010019,122150,123950,562.01,910.02,1984.7,695.57,5.42E-08,0.00011784,0.12329,0.0091187,46.727,0.021401,362010,400470,1654.4,801.73,1304.9,218.35,0.000017798,0.00001348,0.015362
253.65,1824000,996.01,0.001004,123110,124940,565.81,909.95,1989.5,692.27,5.94E-08,0.00011714,0.12273,0.0090214,47.454,0.021073,362060,400500,1652.2,803.5,1311.9,218.23,0.000017712,0.000013519,0.015434
254.15,1851200,993.93,0.0010061,124070,125930,569.61,909.88,1994.3,688.96,6.47E-08,0.00011643,0.12217,0.0089243,48.19,0.020751,362110,400530,1650.1,805.28,1319,218.1,0.000017627,0.000013558,0.015506
254.65,1878700,991.85,0.0010082,125030,126920,573.42,909.81,1999.3,685.64,7.00E-08,0.00011573,0.12162,0.0088274,48.936,0.020435,362160,400550,1647.9,807.07,1326.3,217.97,0.000017542,0.000013597,0.01558
255.15,1906600,989.75,0.0010104,125990,127920,577.22,909.75,2004.4,682.32,7.54E-08,0.00011503,0.12106,0.0087306,49.692,0.020124,362200,400570,1645.8,808.86,1333.7,217.84,0.000017458,0.000013637,0.015653
255.65,1934700,987.65,0.0010125,126960,128920,581.02,909.69,2009.5,679,8.10E-08,0.00011434,0.1205,0.0086341,50.458,0.019818,362240,400580,1643.6,810.65,1341.1,217.7,0.000017374,0.000013676,0.015728
256.15,1963100,985.54,0.0010147,127930,129920,584.82,909.64,2014.7,675.67,8.66E-08,0.00011365,0.11994,0.0085377,51.235,0.019518,362280,400590,1641.5,812.45,1348.7,217.57,0.000017292,0.000013716,0.015804
256.65,1991800,983.42,0.0010169,128900,130920,588.62,909.59,2020.1,672.34,9.23E-08,0.00011297,0.11939,0.0084415,52.022,0.019223,362310,400600,1639.4,814.26,1356.5,217.43,0.00001721,0.000013756,0.01588
257.15,2020800,981.29,0.0010191,129870,131930,592.42,909.54,2025.5,669,9.81E-08,0.00011229,0.11883,0.0083454,52.82,0.018932,362340,400600,1637.2,816.07,1364.3,217.28,0.000017129,0.000013796,0.015957
257.65,2050100,979.15,0.0010213,130840,132940,596.22,909.5,2031,665.65,1.04E-07,0.00011161,0.11828,0.0082496,53.629,0.018647,362370,400600,1635.1,817.88,1372.3,217.14,0.000017048,0.000013837,0.016035
258.15,2079700,977,0.0010235,131820,133950,600.02,909.47,2036.7,662.3,1.10E-07,0.00011093,0.11772,0.0081539,54.448,0.018366,362400,400590,1632.9,819.71,1380.4,216.99,0.000016969,0.000013877,0.016114
258.65,2109600,974.84,0.0010258,132800,134960,603.82,909.44,2042.4,658.95,1.16E-07,0.00011026,0.11717,0.0080585,55.279,0.01809,362420,400580,1630.8,821.53,1388.7,216.83,0.00001689,0.000013918,0.016194
259.15,2139900,972.67,0.0010281,133780,135980,607.62,909.41,2048.2,655.59,1.22E-07,0.00010959,0.11661,0.0079632,56.121,0.017819,362440,400570,1628.6,823.37,1397.1,216.68,0.000016811,0.000013959,0.016274
259.65,2170500,970.49,0.0010304,134760,136990,611.42,909.39,2054.2,652.22,1.29E-07,0.00010893,0.11606,0.0078681,56.975,0.017552,362460,400550,1626.5,825.21,1405.7,216.52,0.000016734,0.000014001,0.016356
260.15,2201300,968.3,0.0010327,135740,138010,615.23,909.38,2060.3,648.85,0.000000135,0.00010827,0.11551,0.0077733,57.84,0.017289,362470,400530,1624.3,827.05,1414.4,216.36,0.000016656,0.000014042,0.016439
260.65,2232500,966.1,0.0010351,136730,139040,619.03,909.37,2066.5,645.47,1.42E-07,0.00010761,0.11496,0.0076786,58.718,0.017031,362480,400500,1622.2,828.91,1423.3,216.2,0.00001658,0.000014084,0.016522
261.15,2264100,963.89,0.0010375,137710,140060,622.83,909.36,2072.8,642.09,1.48E-07,0.00010695,0.1144,0.0075841,59.607,0.016777,362490,400470,1620,830.76,1432.3,216.03,0.000016504,0.000014126,0.016607
261.65,2295900,961.67,0.0010399,138700,141090,626.64,909.36,2079.2,638.7,1.55E-07,0.0001063,0.11385,0.0074898,60.508,0.016527,362500,400440,1617.8,832.63,1441.5,215.86,0.000016429,0.000014169,0.016693
262.15,2328100,959.44,0.0010423,139700,142120,630.45,909.37,2085.8,635.3,1.62E-07,0.00010565,0.1133,0.0073957,61.422,0.016281,362500,400400,1615.7,834.5,1450.9,215.69,0.000016354,0.000014211,0.016779
262.65,2360500,957.19,0.0010447,140690,143150,634.26,909.38,2092.5,631.9,1.69E-07,0.000105,0.11275,0.0073018,62.349,0.016039,362500,400360,1613.5,836.38,1460.5,215.51,0.00001628,0.000014254,0.016867
263.15,2393400,954.93,0.0010472,141680,144190,638.07,909.4,2099.3,628.49,1.76E-07,0.00010436,0.1122,0.0072081,63.288,0.015801,362490,400310,1611.3,838.27,1470.2,215.33,0.000016207,0.000014298,0.016956
263.65,2426500,952.67,0.0010497,142680,145230,641.88,909.42,2106.3,625.07,1.83E-07,0.00010372,0.11165,0.0071147,64.241,0.015566,362480,400250,1609.2,840.17,1480.1,215.15,0.000016134,0.000014341,0.017046
264.15,2460000,950.39,0.0010522,143680,146270,645.69,909.45,2113.4,621.65,1.91E-07,0.00010308,0.11111,0.0070214,65.207,0.015336,362470,400200,1607,842.07,1490.3,214.96,0.000016061,0.000014385,0.017138
264.65,2493800,948.1,0.0010547,144690,147320,649.51,909.49,2120.6,618.21,1.98E-07,0.00010244,0.11056,0.0069283,66.186,0.015109,362450,400130,1604.8,843.98,1500.6,214.78,0.000015989,0.000014429,0.01723
265.15,2528000,945.79,0.0010573,145690,148360,653.33,909.53,2128.1,614.77,2.06E-07,0.00010181,0.11001,0.0068355,67.18,0.014885,362440,400070,1602.6,845.9,1511.2,214.58,0.000015918,0.000014474,0.017324
265.65,2562500,943.48,0.0010599,146700,149410,657.15,909.58,2135.7,611.33,2.14E-07,0.00010118,0.10946,0.0067428,68.187,0.014666,362410,399990,1600.4,847.83,1521.9,214.39,0.000015847,0.000014519,0.017419
266.15,2597300,941.15,0.0010625,147710,150470,660.97,909.63,2143.4,607.87,2.22E-07,0.00010055,0.10892,0.0066504,69.209,0.014449,362390,399920,1598.2,849.77,1532.9,214.19,0.000015777,0.000014564,0.017516
266.65,2632500,938.81,0.0010652,148720,151520,664.8,909.69,2151.3,604.41,2.30E-07,0.000099923,0.10837,0.0065582,70.245,0.014236,362360,399830,1596,851.71,1544.2,213.99,0.000015707,0.000014609,0.017614
267.15,2668000,936.45,0.0010679,149740,152580,668.63,909.76,2159.4,600.94,2.38E-07,0.000099299,0.10783,0.0064662,71.296,0.014026,362320,399750,1593.8,853.67,1555.6,213.79,0.000015638,0.000014655,0.017713
267.65,2703900,934.08,0.0010706,150750,153650,672.46,909.84,2167.7,597.46,2.46E-07,0.000098677,0.10728,0.0063745,72.362,0.013819,362290,399650,1591.6,855.64,1567.4,213.58,0.000015569,0.000014701,0.017814
268.15,2740100,931.7,0.0010733,151770,154710,676.29,909.92,2176.1,593.97,2.55E-07,0.000098057,0.10674,0.0062829,73.443,0.013616,362240,399550,1589.4,857.61,1579.4,213.37,0.000015501,0.000014748,0.017916
268.65,2776700,929.3,0.0010761,152790,155780,680.13,910.01,2184.8,590.47,2.64E-07,0.000097439,0.10619,0.0061916,74.54,0.013416,362200,399450,1587.1,859.6,1591.6,213.16,0.000015433,0.000014794,0.01802
269.15,2813600,926.89,0.0010789,153820,156860,683.97,910.1,2193.7,586.96,2.73E-07,0.000096824,0.10565,0.0061005,75.653,0.013218,362150,399340,1584.9,861.59,1604.2,212.94,0.000015365,0.000014842,0.018125
269.65,2850900,924.47,0.0010817,154850,157930,687.82,910.21,2202.7,583.44,2.82E-07,0.00009621,0.10511,0.0060097,76.783,0.013024,362090,399220,1582.7,863.6,1617,212.72,0.000015298,0.000014889,0.018232
270.15,2888500,922.03,0.0010846,155880,159010,691.67,910.32,2212,579.91,2.91E-07,0.000095598,0.10457,0.0059191,77.928,0.012832,362040,399100,1580.4,865.62,1630.1,212.5,0.000015231,0.000014937,0.018341
270.65,2926500,919.58,0.0010875,156910,160100,695.52,910.44,2221.5,576.37,3.01E-07,0.000094988,0.10403,0.0058287,79.091,0.012644,361970,398980,1578.1,867.64,1643.6,212.27,0.000015165,0.000014986,0.018451
271.15,2964900,917.11,0.0010904,157950,161180,699.38,910.57,2231.3,572.83,3.10E-07,0.00009438,0.10349,0.0057385,80.271,0.012458,361910,398840,1575.9,869.68,1657.4,212.04,0.000015099,0.000015035,0.018563
271.65,3003700,914.62,0.0010933,158990,162270,703.24,910.7,2241.2,569.27,3.20E-07,0.000093774,0.10295,0.0056486,81.469,0.012275,361830,398700,1573.6,871.74,1671.5,211.81,0.000015034,0.000015084,0.018678
272.15,3042800,912.12,0.0010963,160030,163370,707.11,910.85,2251.5,565.7,3.31E-07,0.000093169,0.10241,0.0055589,82.684,0.012094,361760,398560,1571.3,873.8,1685.9,211.57,0.000014968,0.000015134,0.018794
272.65,3082200,909.6,0.0010994,161080,164470,710.99,911,2262,562.11,3.41E-07,0.000092566,0.10187,0.0054695,83.918,0.011916,361680,398410,1569,875.88,1700.8,211.33,0.000014904,0.000015184,0.018912
273.15,3122100,907.07,0.0011025,162130,165570,714.87,911.17,2272.7,558.52,3.51E-07,0.000091964,0.10133,0.0053803,85.171,0.011741,361590,398250,1566.7,877.97,1716,211.08,0.000014839,0.000015234,0.019032
273.65,3162300,904.51,0.0011056,163180,166680,718.75,911.34,2283.8,554.91,3.62E-07,0.000091364,0.10079,0.0052914,86.443,0.011568,361500,398080,1564.4,880.07,1731.6,210.84,0.000014775,0.000015285,0.019154
274.15,3202900,901.95,0.0011087,164230,167790,722.64,911.52,2295.1,551.29,3.73E-07,0.000090765,0.10026,0.0052027,87.734,0.011398,361400,397910,1562.1,882.19,1747.7,210.59,0.000014711,0.000015337,0.019279
274.65,3243900,899.36,0.0011119,165290,168900,726.54,911.72,2306.8,547.66,3.85E-07,0.000090167,0.099721,0.0051143,89.045,0.01123,361300,397730,1559.7,884.32,1764.1,210.33,0.000014647,0.000015389,0.019406
275.15,3285200,896.75,0.0011151,166360,170020,730.44,911.92,2318.7,544.02,3.96E-07,0.00008957,0.099186,0.0050261,90.377,0.011065,361200,397550,1557.4,886.47,1781.1,210.08,0.000014584,0.000015442,0.019535
275.65,3327000,894.13,0.0011184,167420,171140,734.35,912.14,2331,540.36,4.08E-07,0.000088975,0.098652,0.0049382,91.729,0.010902,361090,397360,1555,888.63,1798.5,209.81,0.000014521,0.000015495,0.019666
276.15,3369100,891.49,0.0011217,168490,172270,738.27,912.36,2343.7,536.69,4.20E-07,0.000088381,0.098118,0.0048506,93.103,0.010741,360970,397160,1552.6,890.81,1816.3,209.55,0.000014458,0.000015549,0.019801
276.65,3411700,888.82,0.0011251,169560,173400,742.19,912.6,2356.7,533,4.32E-07,0.000087788,0.097585,0.0047632,94.499,0.010582,360850,396950,1550.2,893.01,1834.8,209.28,0.000014396,0.000015603,0.019937
277.15,3454600,886.14,0.0011285,170640,174540,746.12,912.85,2370.1,529.3,4.45E-07,0.000087195,0.097053,0.0046761,95.918,0.010426,360720,396730,1547.8,895.22,1853.7,209.01,0.000014333,0.000015658,0.020077
277.65,3497900,883.44,0.0011319,171720,175680,750.06,913.11,2383.9,525.59,4.58E-07,0.000086604,0.096521,0.0045893,97.359,0.010271,360580,396510,1545.4,897.45,1873.2,208.73,0.000014271,0.000015713,0.02022
278.15,3541600,880.71,0.0011354,172810,176830,754.01,913.39,2398,521.85,4.71E-07,0.000086013,0.09599,0.0045027,98.824,0.010119,360440,396280,1543,899.69,1893.3,208.45,0.000014209,0.000015769,0.020365
278.65,3585700,877.96,0.001139,173900,177980,757.97,913.68,2412.7,518.1,4.85E-07,0.000085423,0.09546,0.0044165,100.31,0.0099688,360300,396040,1540.5,901.96,1914.1,208.17,0.000014147,0.000015826,0.020513
279.15,3630200,875.2,0.0011426,174990,179140,761.94,913.98,2427.8,514.34,4.99E-07,0.000084834,0.094931,0.0043305,101.83,0.0098207,360140,395790,1538.1,904.24,1935.5,207.88,0.000014085,0.000015884,0.020665
279.65,3675100,872.4,0.0011463,176090,180300,765.91,914.29,2443.3,510.56,5.13E-07,0.000084245,0.094402,0.0042448,103.37,0.0096744,359980,395540,1535.6,906.54,1957.5,207.59,0.000014024,0.000015942,0.02082
280.15,3720500,869.59,0.00115,177190,181470,769.9,914.63,2459.4,506.76,5.28E-07,0.000083657,0.093875,0.0041594,104.93,0.0095302,359820,395270,1533.1,908.86,1980.3,207.3,0.000013962,0.000016,0.020979
280.65,3766200,866.75,0.0011537,178300,182640,773.9,914.97,2476,502.94,5.43E-07,0.000083069,0.093348,0.0040743,106.52,0.0093878,359640,395000,1530.6,911.21,2003.9,207,0.000013901,0.00001606,0.021141
281.15,3812400,863.89,0.0011576,179410,183820,777.9,915.34,2493.1,499.1,5.58E-07,0.000082481,0.092822,0.0039895,108.14,0.0092472,359460,394720,1528,913.57,2028.2,206.7,0.000013839,0.00001612,0.021307
281.65,3858900,861,0.0011614,180520,185010,781.92,915.71,2510.8,495.25,5.74E-07,0.000081894,0.092296,0.003905,109.79,0.0091084,359280,394430,1525.5,915.96,2053.4,206.39,0.000013778,0.000016181,0.021477
282.15,3905900,858.08,0.0011654,181650,186200,785.95,916.11,2529.2,491.37,5.90E-07,0.000081306,0.091772,0.0038208,111.46,0.0089715,359080,394120,1522.9,918.37,2079.5,206.08,0.000013717,0.000016243,0.021651
282.65,3953400,855.14,0.0011694,182770,187390,790,916.53,2548.2,487.47,6.07E-07,0.000080719,0.091248,0.0037369,113.17,0.0088362,358880,393810,1520.3,920.81,2106.5,205.77,0.000013655,0.000016306,0.021829
283.15,4001200,852.17,0.0011735,183900,188600,794.05,916.96,2567.8,483.56,6.24E-07,0.000080131,0.090726,0.0036533,114.91,0.0087026,358670,393490,1517.7,923.26,2134.6,205.45,0.000013594,0.00001637,0.022012
283.65,4049500,849.17,0.0011776,185040,189810,798.12,917.42,2588.2,479.62,6.42E-07,0.000079544,0.090204,0.0035701,116.68,0.0085707,358450,393160,1515,925.75,2163.6,205.13,0.000013532,0.000016434,0.0222
284.15,4098200,846.14,0.0011818,186180,191030,802.21,917.89,2609.4,475.65,6.60E-07,0.000078956,0.089683,0.0034872,118.48,0.0084404,358230,392820,1512.4,928.26,2193.8,204.8,0.000013471,0.000016499,0.022393
284.65,4147300,843.08,0.0011861,187330,192250,806.31,918.39,2631.3,471.67,6.79E-07,0.000078367,0.089164,0.0034046,120.31,0.0083117,357990,392460,1509.7,930.8,2225.2,204.47,0.000013409,0.000016566,0.02259
285.15,4196900,839.99,0.0011905,188480,193480,810.42,918.9,2654.2,467.66,6.98E-07,0.000077778,0.088645,0.0033224,122.18,0.0081845,357750,392100,1507,933.37,2257.8,204.14,0.000013348,0.000016633,0.022794
285.65,4246900,836.86,0.0011949,189640,194720,814.55,919.45,2677.9,463.62,7.18E-07,0.000077189,0.088127,0.0032405,124.09,0.0080588,357490,391720,1504.2,935.96,2291.7,203.8,0.000013286,0.000016702,0.023003
286.15,4297400,833.71,0.0011995,190810,195960,818.7,920.01,2702.6,459.56,7.38E-07,0.000076598,0.08761,0.0031589,126.03,0.0079346,357230,391330,1501.4,938.59,2327,203.46,0.000013223,0.000016771,0.023218
286.65,4348300,830.51,0.0012041,191980,197220,822.87,920.6,2728.3,455.47,7.59E-07,0.000076007,0.087095,0.0030777,128.01,0.0078118,356960,390930,1498.6,941.25,2363.9,203.11,0.000013161,0.000016842,0.023439
287.15,4399600,827.28,0.0012088,193160,198480,827.05,921.22,2755.2,451.35,7.81E-07,0.000075415,0.08658,0.0029969,130.03,0.0076905,356670,390510,1495.8,943.94,2402.3,202.76,0.000013098,0.000016914,0.023667
287.65,4451400,824.02,0.0012136,194350,199750,831.25,921.87,2783.2,447.21,8.04E-07,0.000074821,0.086067,0.0029164,132.09,0.0075704,356380,390080,1492.9,946.67,2442.5,202.4,0.000013035,0.000016987,0.023902
288.15,4503700,820.71,0.0012185,195540,201030,835.48,922.55,2812.4,443.03,8.27E-07,0.000074227,0.085555,0.0028363,134.2,0.0074517,356080,389640,1490,949.43,2484.5,202.04,0.000012972,0.000017062,0.024145
288.65,4556400,817.36,0.0012234,196750,202320,839.72,923.26,2843,438.83,8.51E-07,0.000073631,0.085044,0.0027566,136.35,0.0073343,355760,389180,1487.1,952.23,2528.5,201.68,0.000012908,0.000017137,0.024395
289.15,4609600,813.97,0.0012285,197960,203620,843.99,924,2875.1,434.59,8.75E-07,0.000073033,0.084535,0.0026773,138.54,0.0072182,355440,388710,1484.1,955.07,2574.6,201.31,0.000012844,0.000017215,0.024654
289.65,4663300,810.54,0.0012337,199170,204930,848.28,924.77,2908.7,430.32,9.01E-07,0.000072433,0.084027,0.0025984,140.78,0.0071032,355100,388220,1481.1,957.95,2623,200.93,0.00001278,0.000017293,0.024921
290.15,4717500,807.06,0.0012391,200400,206250,852.6,925.59,2944,426.02,9.27E-07,0.000071832,0.083521,0.0025199,143.07,0.0069895,354740,387720,1478,960.87,2673.8,200.55,0.000012714,0.000017374,0.025198
290.65,4772100,803.54,0.0012445,201640,207570,856.94,926.44,2981,421.67,9.55E-07,0.000071228,0.083016,0.0024418,145.41,0.0068769,354380,387200,1474.9,963.83,2727.3,200.17,0.000012649,0.000017456,0.025485
291.15,4827200,799.96,0.0012501,202880,208910,861.31,927.33,3020.1,417.3,9.83E-07,0.000070622,0.082513,0.0023641,147.81,0.0067654,354000,386660,1471.8,966.85,2783.6,199.78,0.000012582,0.000017539,0.025782
291.65,4882800,796.33,0.0012558,204130,210270,865.71,928.27,3061.2,412.88,1.01E-06,0.000070014,0.082012,0.0022868,150.26,0.006655,353610,386100,1468.6,969.9,2843.1,199.39,0.000012515,0.000017625,0.026091
292.15,4938900,792.65,0.0012616,205400,211630,870.14,929.25,3104.6,408.42,1.04E-06,0.000069402,0.081513,0.00221,152.78,0.0065456,353200,385530,1465.4,973.01,2905.9,198.99,0.000012447,0.000017712,0.026412
292.65,4995400,788.91,0.0012676,206670,213010,874.6,930.28,3150.6,403.93,1.08E-06,0.000068788,0.081017,0.0021336,155.35,0.0064371,352780,384930,1462.1,976.18,2972.3,198.59,0.000012379,0.000017802,0.026745
293.15,5052500,785.1,0.0012737,207960,214390,879.1,931.36,3199.2,399.39,1.11E-06,0.00006817,0.080522,0.0020577,157.99,0.0063297,352340,384320,1458.7,979.39,3042.8,198.18,0.000012309,0.000017893,0.027093
293.65,5110100,781.24,0.00128,209260,215800,883.63,932.49,3250.8,394.8,1.14E-06,0.000067549,0.08003,0.0019823,160.69,0.0062231,351880,383680,1455.3,982.67,3117.7,197.77,0.000012239,0.000017987,0.027455
294.15,5168200,777.31,0.0012865,210570,217220,888.2,933.69,3305.7,390.17,1.18E-06,0.000066924,0.079541,0.0019073,163.47,0.0061175,351410,383020,1451.9,986.01,3197.3,197.35,0.000012167,0.000018083,0.027832
294.65,5226800,773.31,0.0012931,211890,218650,892.81,934.94,3364.2,385.48,1.22E-06,0.000066295,0.079056,0.0018329,166.32,0.0060126,350910,382340,1448.4,989.41,3282.3,196.93,0.000012094,0.000018182,0.028227
295.15,5285900,769.23,0.0013,213230,220100,897.47,936.27,3426.7,380.75,1.25E-06,0.000065661,0.078574,0.0017589,169.25,0.0059085,350400,381630,1444.8,992.88,3373.1,196.5,0.00001202,0.000018283,0.028641
295.65,5345500,765.08,0.0013071,214580,221570,902.17,937.66,3493.6,375.96,1.30E-06,0.000065023,0.078096,0.0016855,172.26,0.0058052,349870,380900,1441.1,996.42,3470.5,196.06,0.000011945,0.000018388,0.029074
296.15,5405700,760.84,0.0013143,215950,223050,906.92,939.13,3565.4,371.11,1.34E-06,0.000064379,0.077622,0.0016126,175.36,0.0057025,349310,380140,1437.3,1000,3575,195.62,0.000011868,0.000018495,0.029529
296.65,5466400,756.51,0.0013219,217330,224560,911.73,940.69,3642.7,366.21,1.38E-06,0.000063729,0.077154,0.0015403,178.56,0.0056005,348730,379340,1433.5,1003.7,3687.5,195.17,0.00001179,0.000018606,0.030008
297.15,5527600,752.09,0.0013296,218730,226080,916.59,942.33,3726.1,361.24,1.43E-06,0.000063073,0.076691,0.0014685,181.85,0.005499,348120,378520,1429.6,1007.5,3809.2,194.72,0.000011709,0.00001872,0.030512
297.65,5589400,747.57,0.0013377,220150,227630,921.51,944.07,3816.5,356.21,1.48E-06,0.00006241,0.076236,0.0013974,185.25,0.0053981,347490,377660,1425.6,1011.4,3940.9,194.26,0.000011627,0.000018838,0.031045
298.15,5651800,742.93,0.001346,221590,229200,926.5,945.91,3914.7,351.11,1.53E-06,0.000061739,0.075788,0.0013268,188.77,0.0052976,346830,376770,1421.5,1015.4,4084.3,193.8,0.000011543,0.00001896,0.031608
298.65,5714700,738.18,0.0013547,223050,230790,931.56,947.87,4021.9,345.94,1.58E-06,0.000061061,0.075349,0.0012569,192.4,0.0051975,346140,375840,1417.3,1019.4,4240.7,193.33,0.000011457,0.000019087,0.032206
299.15,5778200,733.31,0.0013637,224530,232410,936.7,949.95,4139.4,340.68,1.64E-06,0.000060373,0.074921,0.0011876,196.17,0.0050976,345420,374870,1412.9,1023.6,4412.1,192.85,0.000011368,0.000019218,0.032841
299.65,5842200,728.3,0.0013731,226040,234060,941.92,952.16,4268.7,335.35,1.70E-06,0.000059676,0.074506,0.001119,200.08,0.004998,344660,373860,1408.4,1027.9,4600.9,192.37,0.000011276,0.000019355,0.033519
300.15,5906900,723.14,0.0013829,227580,235750,947.24,954.52,4411.8,329.93,1.77E-06,0.000058967,0.074106,0.0010511,204.14,0.0048986,343860,372800,1403.8,1032.3,4809.8,191.87,0.000011181,0.000019497,0.034244
300.65,5972100,717.81,0.0013931,229140,237460,952.65,957.05,4571.1,324.42,1.84E-06,0.000058247,0.073724,0.00098395,208.37,0.0047991,343020,371680,1399.1,1036.9,5042.2,191.38,0.000011083,0.000019646,0.035023
301.15,6038000,712.31,0.0014039,230740,239220,958.18,959.75,4749.5,318.81,1.91E-06,0.000057513,0.073364,0.00091756,212.79,0.0046995,342140,370510,1394.1,1041.6,5302.3,190.87,0.000010982,0.000019802,0.035861
301.65,6104400,706.62,0.0014152,232380,241020,963.83,962.66,4950.7,313.09,1.99E-06,0.000056765,0.073031,0.00085197,217.4,0.0045998,341200,369280,1389,1046.4,5595.5,190.35,0.000010876,0.000019965,0.036769
302.15,6171500,700.7,0.0014271,234050,242860,969.62,965.79,5179.5,307.25,2.07E-06,0.000056,0.072731,0.00078723,222.24,0.0044996,340210,367980,1383.7,1051.5,5928.6,189.83,0.000010766,0.000020138,0.037756
302.65,6239200,694.54,0.0014398,235770,244750,975.57,969.18,5442,301.29,2.16E-06,0.000055216,0.072472,0.00072338,227.33,0.0043989,339160,366600,1378.2,1056.7,6310.3,189.3,0.00001065,0.00002032,0.038834
303.15,6307500,688.11,0.0014533,237540,246710,981.69,972.86,5746.5,295.2,2.25E-06,0.00005441,0.072265,0.00066048,232.7,0.0042974,338040,365140,1372.4,1062.2,6752.3,188.76,0.000010529,0.000020513,0.040022
303.65,6376600,681.36,0.0014677,239370,248730,988.01,976.87,6104,288.96,2.35E-06,0.00005358,0.072124,0.00059857,238.39,0.0041949,336840,363590,1366.3,1067.8,7269.9,188.2,0.000010401,0.00002072,0.041338
304.15,6446200,674.25,0.0014831,241260,250820,994.56,981.26,6529.7,282.56,2.47E-06,0.000052721,0.072068,0.00053773,244.44,0.004091,335550,361920,1359.8,1073.8,7884.7,187.64,0.000010266,0.000020941,0.04281
304.65,6516600,666.72,0.0014999,243230,253010,1001.4,986.1,7045.5,275.97,2.59E-06,0.000051829,0.072123,0.00047803,250.92,0.0039854,334160,360130,1353,1080,8626.8,187.07,0.000010121,0.00002118,0.044473
305.15,6587700,658.69,0.0015182,245290,255290,1008.5,991.47,7683.4,269.18,2.72E-06,0.000050897,0.072323,0.00041958,257.89,0.0038776,332640,358190,1345.7,1086.5,9540.8,186.48,9.97E-06,0.00002144,0.046376
305.65,6659500,650.06,0.0015383,247460,257710,1016.1,997.49,8492.8,262.15,2.87E-06,0.000049916,0.07272,0.00036247,265.47,0.0037669,330980,356070,1337.9,1093.5,10694,185.87,9.80E-06,0.000021725,0.048589
306.15,6732100,640.69,0.0015608,249770,260280,1024.1,1004.3,9553.7,254.85,3.04E-06,0.000048875,0.073385,0.00030686,273.79,0.0036524,329140,353730,1329.4,1100.8,12196,185.25,9.62E-06,0.000022043,0.051215
306.65,6805500,630.38,0.0015863,252250,263050,1032.8,1012.1,11004,247.23,3.22E-06,0.000047757,0.074431,0.00025291,283.05,0.003533,327080,351120,1320,1108.7,14231,184.61,9.42E-06,0.000022401,0.054414
307.15,6879700,618.82,0.001616,254960,266080,1042.3,1021.3,13105,239.22,0.000003434,0.000046538,0.076041,0.00020085,293.55,0.0034066,324720,348160,1309.5,1117.2,17145,183.95,9.19E-06,0.000022815,0.058457
307.65,6954700,605.51,0.0016515,258000,269480,1052.9,1032.3,16411,230.7,3.68E-06,0.000045175,0.078555,0.000151,305.78,0.0032703,321950,344700,1297.4,1126.4,21664,183.26,8.93E-06,0.000023309,0.061166
308.15,7030700,589.52,0.0016963,261530,273450,1065.4,1046.1,22343,221.5,3.98E-06,0.000043594,0.082716,0.00010382,320.66,0.0031186,318570,340490,1283,1136.7,29606,182.54,8.62E-06,0.000023925,0.062968
308.65,7107700,568.83,0.001758,265940,278440,1081.2,1064.5,35846,211.24,4.37E-06,0.000041632,0.090704,0.000060097,340.17,0.0029397,314120,335010,1264.5,1148,47131,181.8,8.22E-06,0.000024765,0.06541
309.15,7185900,536.78,0.0018629,272510,285900,1104.9,1093.5,91717,198.92,4.93E-06,0.00003877,0.099681,0.000021468,370.83,0.0026966,307160,326540,1236.3,1160.6,115610,181.09,7.62E-06,0.000026168,0.069447
